nnode,x,y,t,s,xsi,eta,ns,nx,ny
,,,0.002,0.02,-0.57735,-0.57735,,,
,,,,,0.57735,-0.57735,,,
,,,,,0.57735,0.57735,,,
,,,,,-0.57735,0.57735,,,
